1031,Accounting
1010,Agriculture
1013,Animal_Sciences
1059,Anthropology
1051,Architecture
1065,Art_Education
1057,Art_History
1061,Art_Studio
1068,Astronomy
1021,Biological_Sciences
1063,Botany
1052,Building_Construction
1030,Business_Admin
1022,Chemistry
1086,Clinical_Lab_Sci/Med_Tech
1005,Communication_and_Leadership_Development
1089,Communication_Science_and__Disorders
1002,Computer_Science
1131,Criminal_Justice
1066,Dance
1205,Dietetics
1136,Economics
1041,Elementary_Education
1055,Engineering
1081,English
1054,Environmental_Science
1042,Exercise_&_Sport_Science
1016,Exploring_Arts_and_Humanities
1119,Exploring_General_Studies
1070,Exploring_Health_Programs
1017,Exploring_Science
1015,Exploring_Social_Science
1114,Family_Youth_&_Community
1123,Fashion_Merchandising
1083,Film_Studies
1115,Food_&_Resource_Economics
1200,Food_Science
1012,Forestry
1092,French
1018,General_Studies_(NO_Transfer_info)
1113,Geography
1125,Geology
1087,Graphic_Design
1084,Health_Sciences
1127,Health_Services_Admin
1132,History
1126,Hospitality_Management
1053,Interior_Design
1128,International_Business
1064,Journalism
1117,Linguistics
1124,Marine_Science
1139,Mathematics
1025,Microbiology_&_Cell_Science
1062,Music
1118,Musical_Theater
1071,Nursing
1116,Nutritional_Sciences
1073,Pharmacy
1094,Philosophy
1088,Photography
1048,Physical_Education
1023,Physics
1133,Political_Science
1134,Psychology
1078,Public_Health
1069,Recreation
1130,Religion
1122,Social_Work
1135,Sociology
1096,Spanish
1044,Special_Education
1043,Sports_Management
1067,Theatre
1019,Wildlife_Ecology
1058,Zoology
5200,Clinical_Laboratory_Science
5100,Health_Services_Administration
5250,Industrial_Biotechnology
5600,Multimedia_and_Video_Production_Technology
5500,Organizational_Management
5650,IST-Networking
5651,IST-Programming
5652,IST-Security
5550,Accounting
5300,Early_Childhood_Education
5400,Nursing
3245,Accounting
3822,Biomedical_Equipment_Technician
3621,Biotechnology_Laboratory_Technician
3610,Construction_Management_Technology
3225,Business_Administration-Insurance_and_Risk_Management
3220,Business_Administration-Management
3308,Cardiovascular_Sonography
3630,Chemical_Technology
3504,Computer_Information_Technology
3702,Criminal_Justice_Technology
3311,Dental_Hygiene
3321,Dental_Hygiene_Bridge
3620,Digital_Media_Technology
3401,Early_Childhood_Education
3397,Emergency_Medical_Services
3619,Graphic_Design_Technology
3306,Diagnostic_Medical_Sonography
3520,Health_Information_Technology
3330,Health_Services_Management
3307,Invasive_Cardiovascular_Technology
3840,IT_Security_–_Infrastructure_Track
3841,IT_Security_–_Healthcare_Track
3842,IT_Security_–_Risk_Management_Track
3650,Network_System_Technology_–_Networking_Server_Administration
3651,Network_System_Technology_–_Networking_Infrastructure
3315,Nuclear_Medicine_Technology
3303,Nursing
3313,Nursing_Bridge_LPN
3230,Office_Administration
3707,Paralegal_Studies
3318,Physical_Therapist_Assistant
3624,Programming_and_Analysis_–_Web_Development
3625,Programming_and_Analysis_–_Application_Development
3305,Radiography
3310,Respiratory_Care
3550,Theatre_and_Entertainment_Technology
3106,Zoo_Animal_Technology
2604,Automotive_Service_Management_Technology
6307,Computed_Tomography
6315,Polysomnography
6628,Chemical_Laboratory_Specialist
6625,Computer_Programmer
6635,Computer_Programming_Specialist
6555,Data_Management_Analytics_Specialist
6907,Emergency_Medical_Technician
6645,Help_Desk_Support_Technician
6623,Information_Technology_Support_Specialist
6650,Network_Server_Administration
6651,Network_Infrastructure
6652,Network_Security
6577,Office_Specialist
6900,Paramedic
6592,Revenue_Cycle_Management_Medical_Coder_Biller
6309,Sterile_Processing_Technology
7603,Automotive_Service_Technology
7674,Carpentry_Apprenticeship
7705,Correctional_Officer
7725,Crossover_from_Correctional_Officer_to_Law_Enforcement_Officer
7722,Crossover_from_Law_Enforcement_to_Correctional_Officer
7301,Dental_Assisting
7692,Electrical_Construction_Apprenticeship
7601,"Heating,_Ventilation,_Air-Conditioning/Refrigeration_Technology"
7631,Heating_and_Air_Conditioning_Apprenticeship
7702,Law_Enforcement_Officer
7333,Nursing_Assistant
7340,Phlebotomy
7654,Plumbing_Apprenticeship
7658,Plumbing_Technology_
7303,Practical_Nursing
7338,Surgical_Technology
7623,Welding_Technology
7627,Welding_Technology_-_Advanced
